Serial No,Kanban Read,Parts Code,Line No,Stock Address,Parts Name,Comment,Length(mm),Quantity,Production Location
SN-8ba1a01LURf278c,TC-NCOT10-FALP_435_7101_100_01LUR_I3-05_1_200907100519,01LUR,7101,I3-05,NCOT10-FALP,,435,100,a-3
SN-7361c01LURc6134,TC-NCOT10-FALP_435_7101_100_01LUR_I3-05_2_200907100519,01LUR,7101,I3-05,NCOT10-FALP,,435,100,
SN-9859601LURf0bef,TC-NCOT10-FALP_440_7101_100_01LUR_I3-02_1_200907100519,01LUR,7101,I3-02,NCOT10-FALP,,440,100,
SN-348f801LURad16e,TC-NCOT10-FALP_440_7101_100_01LUR_I3-02_2_200907100519,01LUR,7101,I3-02,NCOT10-FALP,,440,100,
SN-c1b8501LURe43dc,TC-NCOT10-FALP_475_7101_100_01LUR_I3-04_1_200907100519,01LUR,7101,I3-04,NCOT10-FALP,,475,100,
SN-606a801LUR25cb2,TC-NCOT10-FALP_475_7101_100_01LUR_I3-04_2_200907100519,01LUR,7101,I3-04,NCOT10-FALP,,475,100,
SN-fd31801LUR97034,TC-NCOT10-FALP_520_7101_100_01LUR_I3-03_1_200907100519,01LUR,7101,I3-03,NCOT10-FALP,,520,100,
SN-4780401LURf6bed,TC-NCOT10-FALP_520_7101_100_01LUR_I3-03_2_200907100519,01LUR,7101,I3-03,NCOT10-FALP,,520,100,
SN-e5d2401LUS9382b,TC-NCOT13-FALP_130_7101_100_01LUS_I4-08_1_200907100519,01LUS,7101,I4-08,NCOT13-FALP,,130,100,
SN-c9f3a01LUSf04c7,TC-NCOT13-FALP_130_7101_100_01LUS_I4-08_2_200907100520,01LUS,7101,I4-08,NCOT13-FALP,,130,100,
SN-1fdef01LUT2d76f,TC-NCOT5-FALP_65_7101_100_01LUT_H3-11_1_200907100520,01LUT,7101,H3-11,NCOT5-FALP,,65,100,
SN-8a20701LUTb7948,TC-NCOT5-FALP_65_7101_100_01LUT_H3-11_2_200907100520,01LUT,7101,H3-11,NCOT5-FALP,,65,100,
SN-300b701LUT5197e,TC-NCOT5-FALP_85_7101_100_01LUT_H3-02_1_200907100520,01LUT,7101,H3-02,NCOT5-FALP,,85,100,
SN-2dcad01LUT84c54,TC-NCOT5-FALP_85_7101_100_01LUT_H3-02_2_200907100520,01LUT,7101,H3-02,NCOT5-FALP,,85,100,
SN-b5cba01LUTb1619,TC-NCOT5-FALP_85_7101_100_01LUT_H3-02_3_200907100520,01LUT,7101,H3-02,NCOT5-FALP,,85,100,
SN-b4c1f01LUT630aa,TC-NCOT5-FALP_110_7101_100_01LUT_H3-12_1_200907100520,01LUT,7101,H3-12,NCOT5-FALP,,110,100,
SN-9a6dd01LUT6d823,TC-NCOT5-FALP_110_7101_100_01LUT_H3-12_2_200907100520,01LUT,7101,H3-12,NCOT5-FALP,,110,100,
SN-2a76201LUTbf25c,TC-NCOT5-FALP_190_7101_100_01LUT_H3-22_1_200907100520,01LUT,7101,H3-22,NCOT5-FALP,,190,100,
SN-a7e0d01LUT2137b,TC-NCOT5-FALP_190_7101_100_01LUT_H3-22_2_200907100520,01LUT,7101,H3-22,NCOT5-FALP,,190,100,
SN-9da5c01LUTef001,TC-NCOT5-FALP_205_7101_100_01LUT_H3-21_1_200907100520,01LUT,7101,H3-21,NCOT5-FALP,,205,100,
SN-9a51a01LUTbc1b9,TC-NCOT5-FALP_205_7101_100_01LUT_H3-21_2_200907100520,01LUT,7101,H3-21,NCOT5-FALP,,205,100,
SN-69ccc01LUT05bc6,TC-NCOT5-FALP_420_7101_100_01LUT_H3-41_1_200907100521,01LUT,7101,H3-41,NCOT5-FALP,,420,100,
SN-9918b01LUT4c533,TC-NCOT5-FALP_420_7101_100_01LUT_H3-41_2_200907100521,01LUT,7101,H3-41,NCOT5-FALP,,420,100,
SN-20af601LUT8c0cf,TC-NCOT5-FALP_485_7101_100_01LUT_H3-43_1_200907100521,01LUT,7101,H3-43,NCOT5-FALP,,485,100,
SN-63c5601LUTe42d4,TC-NCOT5-FALP_485_7101_100_01LUT_H3-43_2_200907100521,01LUT,7101,H3-43,NCOT5-FALP,,485,100,
SN-a050e01LUTe717a,TC-NCOT5-FALP_550_7101_100_01LUT_H2-04_1_200907100521,01LUT,7101,H2-04,NCOT5-FALP,,550,100,
SN-a7b1001LUT69bfd,TC-NCOT5-FALP_550_7101_100_01LUT_H2-04_2_200907100521,01LUT,7101,H2-04,NCOT5-FALP,,550,100,
SN-141cc01LUTe8f9a,TC-NCOT5-FALP_925_7101_100_01LUT_H2-07_1_200907100521,01LUT,7101,H2-07,NCOT5-FALP,,925,100,
SN-26d5001LUTcf945,TC-NCOT5-FALP_925_7101_100_01LUT_H2-07_2_200907100521,01LUT,7101,H2-07,NCOT5-FALP,,925,100,
SN-2e23201MNPa31be,TC-NCOT7-FALP_90_7101_100_01MNP_H1-13_1_200907100521,01MNP,7101,H1-13,NCOT7-FALP,,90,100,
SN-8899e01MNP299c3,TC-NCOT7-FALP_90_7101_100_01MNP_H1-13_2_200907100521,01MNP,7101,H1-13,NCOT7-FALP,,90,100,
SN-73f0401MNPe50b0,TC-NCOT7-FALP_100_7101_100_01MNP_H1-11_1_200907100522,01MNP,7101,H1-11,NCOT7-FALP,,100,100,
SN-e7fd001MNP22a02,TC-NCOT7-FALP_100_7101_100_01MNP_H1-11_2_200907100522,01MNP,7101,H1-11,NCOT7-FALP,,100,100,
SN-7d27801MNP7d87f,TC-NCOT7-FALP_100_7101_100_01MNP_H1-11_3_200907100522,01MNP,7101,H1-11,NCOT7-FALP,,100,100,
SN-fdc4701MNP7b10a,TC-NCOT7-FALP_110_7101_100_01MNP_H1-17_1_200907100522,01MNP,7101,H1-17,NCOT7-FALP,,110,100,
SN-ee96b01MNP8a31b,TC-NCOT7-FALP_110_7101_100_01MNP_H1-17_2_200907100522,01MNP,7101,H1-17,NCOT7-FALP,,110,100,
SN-8fe4401MNP21a49,TC-NCOT7-FALP_130_7101_100_01MNP_H1-18_1_200907100522,01MNP,7101,H1-18,NCOT7-FALP,,130,100,
SN-86fa401MNP6f27c,TC-NCOT7-FALP_130_7101_100_01MNP_H1-18_2_200907100522,01MNP,7101,H1-18,NCOT7-FALP,,130,100,
SN-5cc2101MNP7542a,TC-NCOT7-FALP_240_7101_100_01MNP_H1-35_1_200907100522,01MNP,7101,H1-35,NCOT7-FALP,,240,100,
SN-f89a001MNP59693,TC-NCOT7-FALP_240_7101_100_01MNP_H1-35_2_200907100522,01MNP,7101,H1-35,NCOT7-FALP,,240,100,
SN-04a9d01MNP83771,TC-NCOT7-FALP_315_7101_100_01MNP_H1-41_1_200907100522,01MNP,7101,H1-41,NCOT7-FALP,,315,100,
SN-7329001MNP3cf28,TC-NCOT7-FALP_315_7101_100_01MNP_H1-41_2_200907100523,01MNP,7101,H1-41,NCOT7-FALP,,315,100,
SN-00a4701MNP77196,TC-NCOT7-FALP_370_7101_100_01MNP_I1-03_1_200907100523,01MNP,7101,I1-03,NCOT7-FALP,,370,100,
SN-dafa701MNP160ee,TC-NCOT7-FALP_370_7101_100_01MNP_I1-03_2_200907100523,01MNP,7101,I1-03,NCOT7-FALP,,370,100,
SN-fc77a01MNP8f1f0,TC-NCOT7-FALP_590_7101_100_01MNP_I1-17_1_200907100523,01MNP,7101,I1-17,NCOT7-FALP,,590,100,
SN-c7ecf01MNP2e511,TC-NCOT7-FALP_590_7101_100_01MNP_I1-17_2_200907100523,01MNP,7101,I1-17,NCOT7-FALP,,590,100,
SN-e10160731956e6e,TC-VO10X0.5(B)_45_7101_100_07319_G4-02_1_200907100523,7319,7101,G4-02,VO10X0.5(B),WITH SLIT,45,100,
SN-798ac073192508a,TC-VO10X0.5(B)_45_7101_100_07319_G4-02_2_200907100523,7319,7101,G4-02,VO10X0.5(B),WITH SLIT,45,100,
SN-e06c00731965129,TC-VO10X0.5(B)_90_7101_100_07319_G4-05_1_200907100523,7319,7101,G4-05,VO10X0.5(B),WITH SLIT,90,100,
SN-0ffc707319eec86,TC-VO10X0.5(B)_90_7101_100_07319_G4-05_2_200907100523,7319,7101,G4-05,VO10X0.5(B),WITH SLIT,90,100,
SN-a018407319d4935,TC-VO10X0.5(B)_95_7101_100_07319_G4-06_1_200907100523,7319,7101,G4-06,VO10X0.5(B),WITH SLIT,95,100,
SN-4247607319e1392,TC-VO10X0.5(B)_95_7101_100_07319_G4-06_2_200907100523,7319,7101,G4-06,VO10X0.5(B),WITH SLIT,95,100,
SN-c880007319d22cb,TC-VO10X0.5(B)_130_7101_100_07319_G4-09_1_200907100524,7319,7101,G4-09,VO10X0.5(B),WITH SLIT,130,100,
SN-43200073194f76a,TC-VO10X0.5(B)_130_7101_100_07319_G4-09_2_200907100524,7319,7101,G4-09,VO10X0.5(B),WITH SLIT,130,100,
SN-c3d2207319fce34,TC-VO10X0.5(B)_150_7101_100_07319_G4-11_1_200907100524,7319,7101,G4-11,VO10X0.5(B),WITH SLIT,150,100,
SN-61d2a0731994fee,TC-VO10X0.5(B)_150_7101_100_07319_G4-11_2_200907100524,7319,7101,G4-11,VO10X0.5(B),WITH SLIT,150,100,
SN-db09607319df22c,TC-VO10X0.5(B)_220_7101_100_07319_G4-13_1_200907100524,7319,7101,G4-13,VO10X0.5(B),WITH SLIT,220,100,
SN-e874607319ece51,TC-VO10X0.5(B)_220_7101_100_07319_G4-13_2_200907100524,7319,7101,G4-13,VO10X0.5(B),WITH SLIT,220,100,
SN-a69ac07319c1905,TC-VO10X0.5(B)_255_7101_100_07319_G4-15_1_200907100524,7319,7101,G4-15,VO10X0.5(B),WITH SLIT,255,100,
SN-0239307319cc387,TC-VO10X0.5(B)_255_7101_100_07319_G4-15_2_200907100524,7319,7101,G4-15,VO10X0.5(B),WITH SLIT,255,100,
SN-aa7d7073194c902,TC-VO10X0.5(B)_280_7101_100_07319_G4-16_1_200907100524,7319,7101,G4-16,VO10X0.5(B),WITH SLIT,280,100,
SN-acbc60731966708,TC-VO10X0.5(B)_280_7101_100_07319_G4-16_2_200907100525,7319,7101,G4-16,VO10X0.5(B),WITH SLIT,280,100,
SN-0c2d4073193ad17,TC-VO10X0.5(B)_330_7101_100_07319_G4-18_1_200907100525,7319,7101,G4-18,VO10X0.5(B),WITH SLIT,330,100,
SN-04e7d0731963850,TC-VO10X0.5(B)_330_7101_100_07319_G4-18_2_200907100525,7319,7101,G4-18,VO10X0.5(B),WITH SLIT,330,100,
SN-ca7a907319b53f2,TC-VO10X0.5(B)_340_7101_100_07319_G4-19_1_200907100525,7319,7101,G4-19,VO10X0.5(B),WITH SLIT,340,100,
SN-3deb6073196fa55,TC-VO10X0.5(B)_340_7101_100_07319_G4-19_2_200907100525,7319,7101,G4-19,VO10X0.5(B),WITH SLIT,340,100,
SN-f6120073192420c,TC-VO10X0.5(B)_365_7101_100_07319_G4-20_1_200907100525,7319,7101,G4-20,VO10X0.5(B),WITH SLIT,365,100,
SN-a6af3073194850f,TC-VO10X0.5(B)_365_7101_100_07319_G4-20_2_200907100525,7319,7101,G4-20,VO10X0.5(B),WITH SLIT,365,100,
SN-a6adc07319ce5b2,TC-VO10X0.5(B)_390_7101_100_07319_G4-21_1_200907100525,7319,7101,G4-21,VO10X0.5(B),WITH SLIT,390,100,
SN-2c11c07319d041c,TC-VO10X0.5(B)_390_7101_100_07319_G4-21_2_200907100525,7319,7101,G4-21,VO10X0.5(B),WITH SLIT,390,100,
SN-65b41073199a349,TC-VO10X0.5(B)_500_7101_50_07319_G4-23_1_200907100525,7319,7101,G4-23,VO10X0.5(B),WITH SLIT,500,50,
SN-8545007319e192d,TC-VO10X0.5(B)_500_7101_50_07319_G4-23_2_200907100525,7319,7101,G4-23,VO10X0.5(B),WITH SLIT,500,50,
SN-e276f07319a12f9,TC-VO10X0.5(B)_120_7101_100_07319_G4-26_1_200907100525,7319,7101,G4-26,VO10X0.5(B),,120,100,
SN-3114e07319681ff,TC-VO10X0.5(B)_120_7101_100_07319_G4-26_2_200907100526,7319,7101,G4-26,VO10X0.5(B),,120,100,
SN-39c2f074101c776,TC-VO12X0.5(B)_125_7101_100_07410_G3-08_1_200907100526,7410,7101,G3-08,VO12X0.5(B),WITH SLIT,125,100,
SN-3a007074107a154,TC-VO12X0.5(B)_125_7101_100_07410_G3-08_2_200907100526,7410,7101,G3-08,VO12X0.5(B),WITH SLIT,125,100,
SN-1bcf3074105beb3,TC-VO12X0.5(B)_330_7101_100_07410_G3-15_1_200907100526,7410,7101,G3-15,VO12X0.5(B),WITH SLIT,330,100,
SN-3a64a074102f79c,TC-VO12X0.5(B)_330_7101_100_07410_G3-15_2_200907100526,7410,7101,G3-15,VO12X0.5(B),WITH SLIT,330,100,
SN-638c307410c4256,TC-VO12X0.5(B)_395_7101_100_07410_G3-18_1_200907100526,7410,7101,G3-18,VO12X0.5(B),WITH SLIT,395,100,
SN-547ad07410d5ce3,TC-VO12X0.5(B)_395_7101_100_07410_G3-18_2_200907100526,7410,7101,G3-18,VO12X0.5(B),WITH SLIT,395,100,
SN-97f1307410e3eba,TC-VO12X0.5(B)_400_7101_100_07410_G3-19_1_200907100526,7410,7101,G3-19,VO12X0.5(B),WITH SLIT,400,100,
SN-eaa61074107eb42,TC-VO12X0.5(B)_400_7101_100_07410_G3-19_2_200907100526,7410,7101,G3-19,VO12X0.5(B),WITH SLIT,400,100,
SN-f9c7d074104f3eb,TC-VO12X0.5(B)_405_7101_100_07410_G3-20_1_200907100526,7410,7101,G3-20,VO12X0.5(B),WITH SLIT,405,100,
SN-d08e5074100f540,TC-VO12X0.5(B)_405_7101_100_07410_G3-20_2_200907100527,7410,7101,G3-20,VO12X0.5(B),WITH SLIT,405,100,
SN-4f783074103e5c2,TC-VO12X0.5(B)_600_7101_50_07410_G3-22_1_200907100527,7410,7101,G3-22,VO12X0.5(B),WITH SLIT,600,50,
SN-04543074102b3ed,TC-VO12X0.5(B)_600_7101_50_07410_G3-22_2_200907100527,7410,7101,G3-22,VO12X0.5(B),WITH SLIT,600,50,
SN-a8c7a0741023ae7,TC-VO12X0.5(B)_660_7101_50_07410_G3-23_1_200907100527,7410,7101,G3-23,VO12X0.5(B),WITH SLIT,660,50,
SN-41ab00741018800,TC-VO12X0.5(B)_660_7101_50_07410_G3-23_2_200907100527,7410,7101,G3-23,VO12X0.5(B),WITH SLIT,660,50,
SN-c7d700745240879,TC-VO14X0.5(B)_155_7101_100_07452_G2-07_1_200907100527,7452,7101,G2-07,VO14X0.5(B),WITH SLIT,155,100,
SN-31394074520da69,TC-VO14X0.5(B)_155_7101_100_07452_G2-07_2_200907100527,7452,7101,G2-07,VO14X0.5(B),WITH SLIT,155,100,
SN-dbb8d07452feb5f,TC-VO14X0.5(B)_210_7101_50_07452_G2-10_1_200907100527,7452,7101,G2-10,VO14X0.5(B),WITH SLIT,210,100,
SN-1cd30074520345b,TC-VO14X0.5(B)_210_7101_50_07452_G2-10_2_200907100527,7452,7101,G2-10,VO14X0.5(B),WITH SLIT,210,100,
SN-9b83e07473cab89,TC-VO16X0.6(B)_85_7101_100_07473_G1-01_1_200907100527,7473,7101,G1-01,VO16X0.6(B),WITH SLIT,85,100,
SN-7fedf07473bdd6a,TC-VO16X0.6(B)_85_7101_100_07473_G1-01_2_200907100527,7473,7101,G1-01,VO16X0.6(B),WITH SLIT,85,100,
SN-117420747337d7c,TC-VO16X0.6(B)_205_7101_50_07473_G1-06_1_200907100527,7473,7101,G1-06,VO16X0.6(B),WITH SLIT,205,100,
SN-71a3207473f8621,TC-VO16X0.6(B)_205_7101_50_07473_G1-06_2_200907100527,7473,7101,G1-06,VO16X0.6(B),WITH SLIT,205,100,
SN-81380074733cb78,TC-VO16X0.6(B)_230_7101_50_07473_G1-07_1_200907100528,7473,7101,G1-07,VO16X0.6(B),WITH SLIT,230,100,
SN-fe34607473d0af2,TC-VO16X0.6(B)_230_7101_50_07473_G1-07_2_200907100528,7473,7101,G1-07,VO16X0.6(B),WITH SLIT,230,100,
SN-310b50747311d95,TC-VO16X0.6(B)_295_7101_50_07473_G1-09_1_200907100528,7473,7101,G1-09,VO16X0.6(B),WITH SLIT,295,50,
SN-5599e07473c8088,TC-VO16X0.6(B)_295_7101_50_07473_G1-09_2_200907100528,7473,7101,G1-09,VO16X0.6(B),WITH SLIT,295,50,
SN-f74ca0747301002,TC-VO16X0.6(B)_365_7101_50_07473_G1-11_1_200907100528,7473,7101,G1-11,VO16X0.6(B),WITH SLIT,365,50,
SN-b3639074736370e,TC-VO16X0.6(B)_365_7101_50_07473_G1-11_2_200907100528,7473,7101,G1-11,VO16X0.6(B),WITH SLIT,365,50,
SN-49a5d07495561d7,TC-VO18X0.6(B)_85_7101_100_07495_G2-17_1_200907100528,7495,7101,G2-17,VO18X0.6(B),WITH SLIT,85,100,
SN-f0f2b074956190b,TC-VO18X0.6(B)_85_7101_100_07495_G2-17_2_200907100528,7495,7101,G2-17,VO18X0.6(B),WITH SLIT,85,100,
SN-168f5074956969d,TC-VO18X0.6(B)_180_7101_100_07495_G2-19_1_200907100528,7495,7101,G2-19,VO18X0.6(B),WITH SLIT,180,100,
SN-7441807495838ba,TC-VO18X0.6(B)_180_7101_100_07495_G2-19_2_200907100528,7495,7101,G2-19,VO18X0.6(B),WITH SLIT,180,100,
SN-ae8770749565372,TC-VO18X0.6(B)_205_7101_50_07495_G2-20_1_200907100528,7495,7101,G2-20,VO18X0.6(B),WITH SLIT,205,50,
SN-ac6050749557b25,TC-VO18X0.6(B)_205_7101_50_07495_G2-20_2_200907100529,7495,7101,G2-20,VO18X0.6(B),WITH SLIT,205,50,
SN-533830749562ed8,TC-VO18X0.6(B)_230_7101_50_07495_G2-21_1_200907100529,7495,7101,G2-21,VO18X0.6(B),WITH SLIT,230,50,
SN-e2727074952656c,TC-VO18X0.6(B)_230_7101_50_07495_G2-21_2_200907100529,7495,7101,G2-21,VO18X0.6(B),WITH SLIT,230,50,
SN-6051a07495a68fb,TC-VO18X0.6(B)_250_7101_50_07495_G2-22_1_200907100529,7495,7101,G2-22,VO18X0.6(B),WITH SLIT,250,50,
SN-12ea207495ade58,TC-VO18X0.6(B)_250_7101_50_07495_G2-22_2_200907100529,7495,7101,G2-22,VO18X0.6(B),WITH SLIT,250,50,
SN-7a77907495bc7f1,TC-VO18X0.6(B)_295_7101_50_07495_G2-24_1_200907100529,7495,7101,G2-24,VO18X0.6(B),WITH SLIT,295,50,
SN-2e237074957d85f,TC-VO18X0.6(B)_295_7101_50_07495_G2-24_2_200907100529,7495,7101,G2-24,VO18X0.6(B),WITH SLIT,295,50,
SN-792a80749591b20,TC-VO18X0.6(B)_365_7101_50_07495_G2-27_1_200907100529,7495,7101,G2-27,VO18X0.6(B),WITH SLIT,365,50,
SN-adce40749586158,TC-VO18X0.6(B)_365_7101_50_07495_G2-27_2_200907100529,7495,7101,G2-27,VO18X0.6(B),WITH SLIT,365,50,
SN-d611407495dbaca,TC-VO18X0.6(B)_600_7101_50_07495_G1-29_1_200907100529,7495,7101,G2-29,VO18X0.6(B),WITH SLIT,600,50,
SN-4987e07495329da,TC-VO18X0.6(B)_600_7101_50_07495_G1-29_2_200907100529,7495,7101,G2-29,VO18X0.6(B),WITH SLIT,600,50,
SN-b489907515ecc4e,TC-VO20X0.6(B)_180_7101_100_07515_G1-18_1_200907100530,7515,7101,G1-18,VO20X0.6(B),WITH SLIT,180,100,
SN-0ef060751585cd9,TC-VO20X0.6(B)_180_7101_100_07515_G1-18_2_200907100530,7515,7101,G1-18,VO20X0.6(B),WITH SLIT,180,100,
SN-4ae5607515d92c5,TC-VO20X0.6(B)_500_7101_50_07515_G1-19_1_200907100530,7515,7101,G1-19,VO20X0.6(B),WITH SLIT,500,50,
SN-a4905075150c424,TC-VO20X0.6(B)_500_7101_50_07515_G1-19_2_200907100530,7515,7101,G1-19,VO20X0.6(B),WITH SLIT,500,50,
SN-66ce221429b1470,TC-VO22X0.6(B)_360_7101_50_21429_H5-04_1_200907100530,21429,7101,H5-04,VO22X0.6(B),WITH SLIT,360,50,
SN-bf125214293e24f,TC-VO22X0.6(B)_360_7101_50_21429_H5-04_2_200907100530,21429,7101,H5-04,VO22X0.6(B),WITH SLIT,360,50,
SN-8497b214296b796,TC-VO22X0.6(B)_520_7101_50_21429_H5-06_1_200907100530,21429,7101,H5-06,VO22X0.6(B),WITH SLIT,520,50,
SN-af9aa21429b696d,TC-VO22X0.6(B)_520_7101_50_21429_H5-06_2_200907100530,21429,7101,H5-06,VO22X0.6(B),WITH SLIT,520,50,
SN-4e60b21430d94c3,TC-VO24X0.6(B)_260_7101_50_21430_H5-11_1_200907100530,21430,7101,H5-11,VO24X0.6(B),WITH SLIT,260,50,
SN-3d22a21430a1a37,TC-VO24X0.6(B)_260_7101_50_21430_H5-11_2_200907100530,21430,7101,H5-11,VO24X0.6(B),WITH SLIT,260,50,
SN-d5048214305d628,TC-VO24X0.6(B)_330_7101_50_21430_H5-12_1_200907100530,21430,7101,H5-12,VO24X0.6(B),WITH SLIT,330,50,
SN-93a22214301d97c,TC-VO24X0.6(B)_330_7101_50_21430_H5-12_2_200907100531,21430,7101,H5-12,VO24X0.6(B),WITH SLIT,330,50,
SN-47c6821430e97b9,TC-VO24X0.6(B)_360_7101_50_21430_H5-13_1_200907100531,21430,7101,H5-13,VO24X0.6(B),WITH SLIT,360,50,
SN-ac94f214302cb81,TC-VO24X0.6(B)_360_7101_50_21430_H5-13_2_200907100531,21430,7101,H5-13,VO24X0.6(B),WITH SLIT,360,50,
SN-d179721430ebf17,TC-VO24X0.6(B)_520_7101_50_21430_H5-14_1_200907100531,21430,7101,H5-14,VO24X0.6(B),WITH SLIT,520,50,
SN-de9d121430bcc7e,TC-VO24X0.6(B)_520_7101_50_21430_H5-14_2_200907100531,21430,7101,H5-14,VO24X0.6(B),WITH SLIT,520,50,
SN-20ede07542d2bb4,TC-VO26X1(B)_260_7101_50_07542_H4-13_1_200907100531,7542,7101,H4-13,VO26X1(B),WITH SLIT,260,50,
SN-f685507542aeb47,TC-VO26X1(B)_260_7101_50_07542_H4-13_2_200907100531,7542,7101,H4-13,VO26X1(B),WITH SLIT,260,50,
SN-f06990754215da4,TC-VO26X1(B)_330_7101_50_07542_H4-14_1_200907100531,7542,7101,H4-14,VO26X1(B),WITH SLIT,330,50,
SN-cf75d07542b8ae6,TC-VO26X1(B)_330_7101_50_07542_H4-14_2_200907100531,7542,7101,H4-14,VO26X1(B),WITH SLIT,330,50,
SN-683b507540913cb,TC-VO28X1(B)_260_7101_50_07540_H4-08_1_200907100531,7540,7101,H4-08,VO28X1(B),WITH SLIT,260,50,
SN-3b08007540c28e6,TC-VO28X1(B)_260_7101_50_07540_H4-08_2_200907100531,7540,7101,H4-08,VO28X1(B),WITH SLIT,260,50,
SN-94278071610ed11,TC-VO6X0.5(B)_45_7101_100_07161_G6-03_1_200907100531,7161,7101,G6-03,VO6X0.5(B),WITH SLIT,45,100,
SN-ddac60716109efd,TC-VO6X0.5(B)_45_7101_100_07161_G6-03_2_200907100531,7161,7101,G6-03,VO6X0.5(B),WITH SLIT,45,100,
SN-b765b07161f6a32,TC-VO6X0.5(B)_55_7101_100_07161_G6-04_1_200907100532,7161,7101,G6-04,VO6X0.5(B),WITH SLIT,55,100,
SN-3f29007161568c9,TC-VO6X0.5(B)_55_7101_100_07161_G6-04_2_200907100532,7161,7101,G6-04,VO6X0.5(B),WITH SLIT,55,100,
SN-dcbeb07161e8f7d,TC-VO6X0.5(B)_75_7101_100_07161_G6-05_1_200907100532,7161,7101,G6-05,VO6X0.5(B),WITH SLIT,75,100,
SN-cfae907161c96ce,TC-VO6X0.5(B)_75_7101_100_07161_G6-05_2_200907100532,7161,7101,G6-05,VO6X0.5(B),WITH SLIT,75,100,
SN-691ff0716109ccb,TC-VO6X0.5(B)_80_7101_100_07161_G6-06_1_200907100532,7161,7101,G6-06,VO6X0.5(B),WITH SLIT,80,100,
SN-fde0d0716180d35,TC-VO6X0.5(B)_80_7101_100_07161_G6-06_2_200907100532,7161,7101,G6-06,VO6X0.5(B),WITH SLIT,80,100,
SN-33a3d07161803aa,TC-VO6X0.5(B)_85_7101_100_07161_G6-07_1_200907100532,7161,7101,G6-07,VO6X0.5(B),WITH SLIT,85,100,
SN-65220071612770f,TC-VO6X0.5(B)_85_7101_100_07161_G6-07_2_200907100532,7161,7101,G6-07,VO6X0.5(B),WITH SLIT,85,100,
SN-5f834071612a6bb,TC-VO6X0.5(B)_90_7101_100_07161_G6-08_1_200907100532,7161,7101,G6-08,VO6X0.5(B),WITH SLIT,90,100,
SN-ccbd707161b07fb,TC-VO6X0.5(B)_90_7101_100_07161_G6-08_2_200907100532,7161,7101,G6-08,VO6X0.5(B),WITH SLIT,90,100,
SN-0d4ef0716121373,TC-VO6X0.5(B)_105_7101_100_07161_G6-10_1_200907100532,7161,7101,G6-10,VO6X0.5(B),WITH SLIT,105,100,
SN-fd440071615e8d6,TC-VO6X0.5(B)_105_7101_100_07161_G6-10_2_200907100532,7161,7101,G6-10,VO6X0.5(B),WITH SLIT,105,100,
SN-f44850716194ce3,TC-VO6X0.5(B)_110_7101_100_07161_G6-11_1_200907100532,7161,7101,G6-11,VO6X0.5(B),WITH SLIT,110,100,
SN-8503f071619cd87,TC-VO6X0.5(B)_110_7101_100_07161_G6-11_2_200907100533,7161,7101,G6-11,VO6X0.5(B),WITH SLIT,110,100,
SN-8e33707161b3f5c,TC-VO6X0.5(B)_135_7101_100_07161_G6-14_1_200907100533,7161,7101,G6-14,VO6X0.5(B),WITH SLIT,135,100,
SN-6388a0716148d29,TC-VO6X0.5(B)_135_7101_100_07161_G6-14_2_200907100533,7161,7101,G6-14,VO6X0.5(B),WITH SLIT,135,100,
SN-14d61071611088c,TC-VO6X0.5(B)_150_7101_100_07161_G6-16_1_200907100533,7161,7101,G6-16,VO6X0.5(B),WITH SLIT,150,100,
SN-5879f07161b86b6,TC-VO6X0.5(B)_150_7101_100_07161_G6-16_2_200907100533,7161,7101,G6-16,VO6X0.5(B),WITH SLIT,150,100,
SN-9932207161ddbc1,TC-VO6X0.5(B)_155_7101_100_07161_G6-17_1_200907100533,7161,7101,G6-17,VO6X0.5(B),WITH SLIT,155,100,
SN-574cc0716145449,TC-VO6X0.5(B)_155_7101_100_07161_G6-17_2_200907100533,7161,7101,G6-17,VO6X0.5(B),WITH SLIT,155,100,
SN-4d98c0716169d75,TC-VO6X0.5(B)_170_7101_100_07161_G6-19_1_200907100534,7161,7101,G6-19,VO6X0.5(B),WITH SLIT,170,100,
SN-6ca6c07161d7548,TC-VO6X0.5(B)_170_7101_100_07161_G6-19_2_200907100534,7161,7101,G6-19,VO6X0.5(B),WITH SLIT,170,100,
SN-1d8e9071610a2fa,TC-VO6X0.5(B)_175_7101_100_07161_G6-20_1_200907100534,7161,7101,G6-20,VO6X0.5(B),WITH SLIT,175,100,
SN-ef36e0716198ebc,TC-VO6X0.5(B)_175_7101_100_07161_G6-20_2_200907100534,7161,7101,G6-20,VO6X0.5(B),WITH SLIT,175,100,
SN-c890f07161f5606,TC-VO6X0.5(B)_180_7101_100_07161_G6-21_1_200907100534,7161,7101,G6-21,VO6X0.5(B),WITH SLIT,180,100,
SN-53c2b07161cd02c,TC-VO6X0.5(B)_180_7101_100_07161_G6-21_2_200907100534,7161,7101,G6-21,VO6X0.5(B),WITH SLIT,180,100,
SN-a895a071611b70f,TC-VO6X0.5(B)_185_7101_100_07161_G6-22_1_200907100534,7161,7101,G6-22,VO6X0.5(B),WITH SLIT,185,100,
SN-8c1f4071612027f,TC-VO6X0.5(B)_185_7101_100_07161_G6-22_2_200907100534,7161,7101,G6-22,VO6X0.5(B),WITH SLIT,185,100,
SN-a27500716102016,TC-VO6X0.5(B)_200_7101_100_07161_G6-24_1_200907100534,7161,7101,G6-24,VO6X0.5(B),WITH SLIT,200,100,
SN-981a80716123992,TC-VO6X0.5(B)_200_7101_100_07161_G6-24_2_200907100534,7161,7101,G6-24,VO6X0.5(B),WITH SLIT,200,100,
SN-a9afe071612ec55,TC-VO6X0.5(B)_210_7101_100_07161_G6-25_1_200907100534,7161,7101,G6-25,VO6X0.5(B),WITH SLIT,210,100,
SN-f20770716186fbb,TC-VO6X0.5(B)_210_7101_100_07161_G6-25_2_200907100535,7161,7101,G6-25,VO6X0.5(B),WITH SLIT,210,100,
SN-56b2f07161fd9a1,TC-VO6X0.5(B)_320_7101_100_07161_G6-29_1_200907100535,7161,7101,G6-29,VO6X0.5(B),WITH SLIT,320,100,
SN-68e8f0716154820,TC-VO6X0.5(B)_320_7101_100_07161_G6-29_2_200907100535,7161,7101,G6-29,VO6X0.5(B),WITH SLIT,320,100,
SN-78a1f07161f5324,TC-VO6X0.5(B)_365_7101_100_07161_G6-30_1_200907100535,7161,7101,G6-30,VO6X0.5(B),WITH SLIT,365,100,
SN-1a09f071612f3e9,TC-VO6X0.5(B)_365_7101_100_07161_G6-30_2_200907100535,7161,7101,G6-30,VO6X0.5(B),WITH SLIT,365,100,
SN-7d5b70716182281,TC-VO6X0.5(B)_480_7101_100_07161_G6-33_1_200907100535,7161,7101,G6-33,VO6X0.5(B),WITH SLIT,480,100,
SN-72ad407161be887,TC-VO6X0.5(B)_480_7101_100_07161_G6-33_2_200907100535,7161,7101,G6-33,VO6X0.5(B),WITH SLIT,480,100,
SN-8a23a07161cf8a3,TC-VO6X0.5(B)_635_7101_100_07161_G6-35_1_200907100535,7161,7101,G6-35,VO6X0.5(B),WITH SLIT,635,100,
SN-5959a0716178c3c,TC-VO6X0.5(B)_635_7101_100_07161_G6-35_2_200907100535,7161,7101,G6-35,VO6X0.5(B),WITH SLIT,635,100,
SN-d0ea40716180d1c,TC-VO6X0.5(B)_95_7101_100_07161_G6-39_1_200907100535,7161,7101,G6-39,VO6X0.5(B),,95,100,
SN-ba6cf07161fe5f5,TC-VO6X0.5(B)_95_7101_100_07161_G6-39_2_200907100535,7161,7101,G6-39,VO6X0.5(B),,95,100,
SN-457a007161c613b,TC-VO6X0.5(B)_115_7101_100_07161_G6-41_1_200907100535,7161,7101,G6-41,VO6X0.5(B),,115,100,
SN-e019c07161ff014,TC-VO6X0.5(B)_115_7101_100_07161_G6-41_2_200907100535,7161,7101,G6-41,VO6X0.5(B),,115,100,
SN-4600a0716137862,TC-VO6X0.5(B)_150_7101_100_07161_G6-45_1_200907100536,7161,7101,G6-45,VO6X0.5(B),,150,100,
SN-d261507161464b9,TC-VO6X0.5(B)_150_7101_100_07161_G6-45_2_200907100536,7161,7101,G6-45,VO6X0.5(B),,150,100,
SN-3aab7071613133c,TC-VO6X0.5(B)_220_7101_100_07161_G6-47_1_200907100536,7161,7101,G6-47,VO6X0.5(B),,220,100,
SN-6349c071611cac6,TC-VO6X0.5(B)_220_7101_100_07161_G6-47_2_200907100536,7161,7101,G6-47,VO6X0.5(B),,220,100,
SN-0963a07291142b6,TC-VO8X0.5(B)_80_7101_100_07291_G5-04_1_200907100536,7291,7101,G5-04,VO8X0.5(B),WITH SLIT,80,100,
SN-c371f072917880b,TC-VO8X0.5(B)_80_7101_100_07291_G5-04_2_200907100536,7291,7101,G5-04,VO8X0.5(B),WITH SLIT,80,100,
SN-c72190729157bc3,TC-VO8X0.5(B)_85_7101_100_07291_G5-05_1_200907100536,7291,7101,G5-05,VO8X0.5(B),WITH SLIT,85,100,
SN-7db9c0729174cda,TC-VO8X0.5(B)_85_7101_100_07291_G5-05_2_200907100536,7291,7101,G5-05,VO8X0.5(B),WITH SLIT,85,100,
SN-7080b0729123181,TC-VO8X0.5(B)_95_7101_100_07291_G5-06_1_200907100536,7291,7101,G5-06,VO8X0.5(B),WITH SLIT,95,100,
SN-0c5ae072918dbb3,TC-VO8X0.5(B)_95_7101_100_07291_G5-06_2_200907100536,7291,7101,G5-06,VO8X0.5(B),WITH SLIT,95,100,
SN-c3bdf0729133f0d,TC-VO8X0.5(B)_105_7101_100_07291_G5-07_1_200907100536,7291,7101,G5-07,VO8X0.5(B),WITH SLIT,105,100,
SN-d17380729111953,TC-VO8X0.5(B)_105_7101_100_07291_G5-07_2_200907100537,7291,7101,G5-07,VO8X0.5(B),WITH SLIT,105,100,
SN-634e80729197ccb,TC-VO8X0.5(B)_110_7101_100_07291_G5-08_1_200907100537,7291,7101,G5-08,VO8X0.5(B),WITH SLIT,110,100,
SN-2587b07291aa55c,TC-VO8X0.5(B)_110_7101_100_07291_G5-08_2_200907100537,7291,7101,G5-08,VO8X0.5(B),WITH SLIT,110,100,
SN-a2c4307291463d8,TC-VO8X0.5(B)_185_7101_100_07291_G5-15_1_200907100537,7291,7101,G5-15,VO8X0.5(B),WITH SLIT,185,100,
SN-6ed2907291bb5ff,TC-VO8X0.5(B)_185_7101_100_07291_G5-15_2_200907100537,7291,7101,G5-15,VO8X0.5(B),WITH SLIT,185,100,
SN-cceca072914179e,TC-VO8X0.5(B)_350_7101_100_07291_G5-23_1_200907100537,7291,7101,G5-23,VO8X0.5(B),WITH SLIT,350,100,
SN-ff5e607291d89c7,TC-VO8X0.5(B)_350_7101_100_07291_G5-23_2_200907100537,7291,7101,G5-23,VO8X0.5(B),WITH SLIT,350,100,
SN-cc865072910c1a8,TC-VO8X0.5(B)_390_7101_100_07291_G5-24_1_200907100537,7291,7101,G5-24,VO8X0.5(B),WITH SLIT,390,100,
SN-4c5c8072913e406,TC-VO8X0.5(B)_390_7101_100_07291_G5-24_2_200907100537,7291,7101,G5-24,VO8X0.5(B),WITH SLIT,390,100,
SN-e2e900729166fc8,TC-VO8X0.5(B)_185_7101_100_07291_G5-41_1_200907100537,7291,7101,G5-41,VO8X0.5(B),,185,100,
SN-915a7072910340e,TC-VO8X0.5(B)_185_7101_100_07291_G5-41_2_200907100537,7291,7101,G5-41,VO8X0.5(B),,185,100,
SN-268d701LUU15543,TC-VS100FP_95_7101_100_01LUU_O3-51_1_200907100537,01LUU,7101,O3-51,VS100FP,,95,100,
SN-32f4601LUU9c6e7,TC-VS100FP_95_7101_100_01LUU_O3-51_2_200907100537,01LUU,7101,O3-51,VS100FP,,95,100,
SN-a9c2501LUUc38af,TC-VS100FP_105_7101_100_01LUU_O3-53_1_200907100538,01LUU,7101,O3-53,VS100FP,,105,100,
SN-4a3b701LUUada8b,TC-VS100FP_105_7101_100_01LUU_O3-53_2_200907100538,01LUU,7101,O3-53,VS100FP,,105,100,
SN-80c6901LUUc80a8,TC-VS100FP_155_7101_100_01LUU_O3-54_1_200907100538,01LUU,7101,O3-54,VS100FP,,155,100,
SN-3b69a01LUU0874c,TC-VS100FP_155_7101_100_01LUU_O3-54_2_200907100538,01LUU,7101,O3-54,VS100FP,,155,100,
SN-0c12b01LV48014d,TC-VS70FP_330_7101_100_01LV4_O3-65_1_200907100538,01LV4,7101,O3-65,VS70FP,,330,100,
SN-b130f01LV48a829,TC-VS70FP_330_7101_100_01LV4_O3-65_2_200907100538,01LV4,7101,O3-65,VS70FP,,330,100,
SN-8d15801LUSa7310,TC-NCOT13-FALP_315_7101_100_01LUS_I4-13_1_200912160700,01LUS,7101,I4-13,NCOT13-FALP,,315,100,
SN-4836a01LUSf3c04,TC-NCOT13-FALP_315_7101_100_01LUS_I4-13_2_200912160700,01LUS,7101,I4-13,NCOT13-FALP,,315,100,
SN-1e8f501LUTf344c,TC-NCOT5-FALP_260_7101_100_01LUT_H3-32_1_200912160700,01LUT,7101,H3-32,NCOT5-FALP,,260,100,
SN-e017601LUT47116,TC-NCOT5-FALP_260_7101_100_01LUT_H3-32_2_200912160700,01LUT,7101,H3-32,NCOT5-FALP,,260,100,
SN-c6c2001MNPb45b9,TC-NCOT7-FALP_185_7101_100_01MNP_H1-26_1_200912160700,01MNP,7101,H1-26,NCOT7-FALP,,185,100,
SN-2962501MNP26e5b,TC-NCOT7-FALP_185_7101_100_01MNP_H1-26_2_200912160700,01MNP,7101,H1-26,NCOT7-FALP,,185,100,
SN-f5866073193dec9,TC-VO10X0.5(B)_110_7101_100_07319_Temp. Location_1_200912160700,7319,7101,G4-28,VO10X0.5(B),WITH SLIT,110,100,
SN-2fe0507319d4b9d,TC-VO10X0.5(B)_110_7101_100_07319_Temp. Location_2_200912160700,7319,7101,G4-28,VO10X0.5(B),WITH SLIT,110,100,
SN-167450731937f2a,TC-VO10X0.5(B)_180_7101_100_07319_Temp. Location_1_200912160700,7319,7101,G3-25,VO10X0.5(B),WITH SLIT,180,100,
SN-82ae307319a626c,TC-VO10X0.5(B)_180_7101_100_07319_Temp. Location_2_200912160700,7319,7101,G3-25,VO10X0.5(B),WITH SLIT,180,100,
SN-f78bf07319ef199,TC-VO10X0.5(B)_190_7101_100_07319_Temp. Location_1_200912160700,7319,7101,G3-26,VO10X0.5(B),WITH SLIT,190,100,
SN-d7d1907319c894d,TC-VO10X0.5(B)_190_7101_100_07319_Temp. Location_2_200912160700,7319,7101,G3-26,VO10X0.5(B),WITH SLIT,190,100,
SN-b58b0073191ef2c,TC-VO10X0.5(B)_210_7101_100_07319_G4-12_1_200912160700,7319,7101,G4-12,VO10X0.5(B),WITH SLIT,210,100,
SN-642a607319cee69,TC-VO10X0.5(B)_210_7101_100_07319_G4-12_2_200912160700,7319,7101,G4-12,VO10X0.5(B),WITH SLIT,210,100,
SN-f438907410a450f,TC-VO12X0.5(B)_180_7101_100_07410_Temp. Location_1_200912160701,7410,7101,G3-24,VO12X0.5(B),WITH SLIT,180,100,
SN-64cd0074102ae19,TC-VO12X0.5(B)_180_7101_100_07410_Temp. Location_2_200912160701,7410,7101,G3-24,VO12X0.5(B),WITH SLIT,180,100,
SN-2e2de074100054a,TC-VO12X0.5(B)_210_7101_100_07410_G3-12_1_200912160701,7410,7101,G3-12,VO12X0.5(B),WITH SLIT,210,100,
SN-8af2b074108ad65,TC-VO12X0.5(B)_210_7101_100_07410_G3-12_2_200912160701,7410,7101,G3-12,VO12X0.5(B),WITH SLIT,210,100,
SN-9f19207410d88d9,TC-VO12X0.5(B)_340_7101_100_07410_G3-16_1_200912160701,7410,7101,G3-16,VO12X0.5(B),WITH SLIT,340,100,
SN-de63a07410098d5,TC-VO12X0.5(B)_340_7101_100_07410_G3-16_2_200912160701,7410,7101,G3-16,VO12X0.5(B),WITH SLIT,340,100,
SN-52e5507452de49d,TC-VO14X0.5(B)_125_7101_100_07452_G2-04_1_200912160701,7452,7101,G2-04,VO14X0.5(B),WITH SLIT,125,100,
SN-b1525074524aafc,TC-VO14X0.5(B)_125_7101_100_07452_G2-04_2_200912160701,7452,7101,G2-04,VO14X0.5(B),WITH SLIT,125,100,
SN-4f6060745206d14,TC-VO14X0.5(B)_230_7101_100_07452_G2-11_1_200912160701,7452,7101,G2-11,VO14X0.5(B),WITH SLIT,230,100,
SN-3af9d07452b27ec,TC-VO14X0.5(B)_230_7101_100_07452_G2-11_2_200912160701,7452,7101,G2-11,VO14X0.5(B),WITH SLIT,230,100,
SN-2e40307452df0f0,TC-VO14X0.5(B)_340_7101_100_07452_Temp. Location_1_200912160701,7452,7101,G2-14,VO14X0.5(B),WITH SLIT,340,50,
SN-6fa2c074526e09b,TC-VO14X0.5(B)_340_7101_100_07452_Temp. Location_2_200912160701,7452,7101,G2-14,VO14X0.5(B),WITH SLIT,340,50,
SN-3ff84074528a411,TC-VO14X0.5(B)_400_7101_100_07452_G2-12_1_200912160701,7452,7101,G2-12,VO14X0.5(B),WITH SLIT,400,50,
SN-d9902074525bf62,TC-VO14X0.5(B)_400_7101_100_07452_G2-12_2_200912160701,7452,7101,G2-12,VO14X0.5(B),WITH SLIT,400,50,
SN-127fa07473cadc8,TC-VO16X0.6(B)_250_7101_100_07473_G1-08_1_200912160701,7473,7101,G1-08,VO16X0.6(B),WITH SLIT,250,50,
SN-365e10747332940,TC-VO16X0.6(B)_250_7101_100_07473_G1-08_2_200912160701,7473,7101,G1-08,VO16X0.6(B),WITH SLIT,250,50,
SN-9dc2707515fbb36,TC-VO20X0.6(B)_85_7101_100_07515_G1-16_1_200912160701,7515,7101,G1-16,VO20X0.6(B),WITH SLIT,85,100,
SN-997a007515960f6,TC-VO20X0.6(B)_85_7101_100_07515_G1-16_2_200912160701,7515,7101,G1-16,VO20X0.6(B),WITH SLIT,85,100,
SN-5098f075159be58,TC-VO20X0.6(B)_295_7101_100_07515_G1-20_1_200912160701,7515,7101,G1-20,VO20X0.6(B),WITH SLIT,295,50,
SN-3d09b075158118e,TC-VO20X0.6(B)_295_7101_100_07515_G1-20_2_200912160701,7515,7101,G1-20,VO20X0.6(B),WITH SLIT,295,50,
SN-311a5075150bf79,TC-VO20X0.6(B)_365_7101_100_07515_G1-22_1_200912160701,7515,7101,G1-22,VO20X0.6(B),WITH SLIT,365,50,
SN-4eaa00751533937,TC-VO20X0.6(B)_365_7101_100_07515_G1-22_2_200912160701,7515,7101,G1-22,VO20X0.6(B),WITH SLIT,365,50,
SN-24ea8214294a7b8,TC-VO22X0.6(B)_85_7101_100_21429_H5-01_1_200912160701,21429,7101,H5-01,VO22X0.6(B),WITH SLIT,85,100,
SN-bf60e21429b2f7f,TC-VO22X0.6(B)_85_7101_100_21429_H5-01_2_200912160701,21429,7101,H5-01,VO22X0.6(B),WITH SLIT,85,100,
SN-ffc6721429fb604,TC-VO22X0.6(B)_330_7101_100_21429_H5-03_1_200912160701,21429,7101,H5-03,VO22X0.6(B),WITH SLIT,330,50,
SN-47f8c214291d7ec,TC-VO22X0.6(B)_330_7101_100_21429_H5-03_2_200912160701,21429,7101,H5-03,VO22X0.6(B),WITH SLIT,330,50,
SN-8721e214290db20,TC-VO22X0.6(B)_520_7101_100_21429_H5-06_1_200912160701,21429,7101,H5-06,VO22X0.6(B),WITH SLIT,520,50,
SN-dfbe92142995dba,TC-VO22X0.6(B)_520_7101_100_21429_H5-06_2_200912160701,21429,7101,H5-06,VO22X0.6(B),WITH SLIT,520,50,
SN-25d170754273cfd,TC-VO26X1(B)_360_7101_100_07542_H4-15_1_200912160701,7542,7101,H4-15,VO26X1(B),WITH SLIT,360,50,
SN-91ada07542ea15a,TC-VO26X1(B)_360_7101_100_07542_H4-15_2_200912160701,7542,7101,H4-15,VO26X1(B),WITH SLIT,360,50,
SN-3ac600754081b38,TC-VO28X1(B)_330_7101_100_07540_H4-09_1_200912160701,7540,7101,H4-09,VO28X1(B),WITH SLIT,330,50,
SN-27ca2075406f66a,TC-VO28X1(B)_330_7101_100_07540_H4-09_2_200912160701,7540,7101,H4-09,VO28X1(B),WITH SLIT,330,50,
SN-04253071619c353,TC-VO6X0.5(B)_145_7101_100_07161_G6-15_1_200912160702,7161,7101,G6-15,VO6X0.5(B),WITH SLIT,145,100,
SN-3748607161fb5ec,TC-VO6X0.5(B)_145_7101_100_07161_G6-15_2_200912160702,7161,7101,G6-15,VO6X0.5(B),WITH SLIT,145,100,
SN-2d02a07161db26e,TC-VO6X0.5(B)_180_7101_100_07161_G6-21_1_200912160702,7161,7101,G6-21,VO6X0.5(B),WITH SLIT,180,100,
SN-0306007161cf253,TC-VO6X0.5(B)_180_7101_100_07161_G6-21_2_200912160702,7161,7101,G6-21,VO6X0.5(B),WITH SLIT,180,100,
SN-093000716107dfc,TC-VO6X0.5(B)_190_7101_100_07161_Temp. Location_1_200912160702,7161,7101,G4-32,VO6X0.5(B),WITH SLIT,190,100,
SN-e5bca071615a376,TC-VO6X0.5(B)_190_7101_100_07161_Temp. Location_2_200912160702,7161,7101,G4-32,VO6X0.5(B),WITH SLIT,190,100,
SN-1638c0716158aa0,TC-VO6X0.5(B)_255_7101_100_07161_G6-26_1_200912160702,7161,7101,G6-26,VO6X0.5(B),WITH SLIT,255,100,
SN-73e2d07161fad40,TC-VO6X0.5(B)_255_7101_100_07161_G6-26_2_200912160702,7161,7101,G6-26,VO6X0.5(B),WITH SLIT,255,100,
SN-80a8d07161b33ea,TC-VO6X0.5(B)_290_7101_100_07161_Temp. Location_1_200912160702,7161,7101,G4-34,VO6X0.5(B),WITH SLIT,290,100,
SN-908ea07161d9293,TC-VO6X0.5(B)_290_7101_100_07161_Temp. Location_2_200912160702,7161,7101,G4-34,VO6X0.5(B),WITH SLIT,290,100,
SN-8da5007161bc663,TC-VO6X0.5(B)_295_7101_100_07161_Temp. Location_1_200912160702,7161,7101,Temp. Location,VO6X0.5(B),WITH SLIT,295,100,
SN-d0902071610fa3d,TC-VO6X0.5(B)_295_7101_100_07161_Temp. Location_2_200912160702,7161,7101,Temp. Location,VO6X0.5(B),WITH SLIT,295,100,
SN-3c7b007161386bb,TC-VO6X0.5(B)_390_7101_100_07161_G6-31_1_200912160702,7161,7101,G6-31,VO6X0.5(B),WITH SLIT,390,100,
SN-1ea1f0716114a51,TC-VO6X0.5(B)_390_7101_100_07161_G6-31_2_200912160702,7161,7101,G6-31,VO6X0.5(B),WITH SLIT,390,100,
SN-cabc0071617e8bc,TC-VO6X0.5(B)_860_7101_100_07161_G6-37_1_200912160702,7161,7101,G6-37,VO6X0.5(B),WITH SLIT,860,100,
SN-5022907161f5b55,TC-VO6X0.5(B)_860_7101_100_07161_G6-37_2_200912160702,7161,7101,G6-37,VO6X0.5(B),WITH SLIT,860,100,
SN-be437072918942b,TC-VO8X0.5(B)_90_7101_100_07291_Temp. Location_1_200912160702,7291,7101,G5-49,VO8X0.5(B),WITH SLIT,90,100,
SN-1d20407291093d3,TC-VO8X0.5(B)_90_7101_100_07291_Temp. Location_2_200912160702,7291,7101,G5-49,VO8X0.5(B),WITH SLIT,90,100,
SN-2723607291f1d1d,TC-VO8X0.5(B)_180_7101_100_07291_Temp. Location_1_200912160702,7291,7101,G5-47,VO8X0.5(B),WITH SLIT,180,100,
SN-9e52c0729148c9a,TC-VO8X0.5(B)_180_7101_100_07291_Temp. Location_2_200912160702,7291,7101,G5-47,VO8X0.5(B),WITH SLIT,180,100,
SN-034dd07291418a6,TC-VO8X0.5(B)_190_7101_100_07291_Temp. Location_1_200912160702,7291,7101,G5-48,VO8X0.5(B),WITH SLIT,190,100,
SN-dc54607291842d8,TC-VO8X0.5(B)_190_7101_100_07291_Temp. Location_2_200912160702,7291,7101,G5-48,VO8X0.5(B),WITH SLIT,190,100,
SN-78424072910ace0,TC-VO8X0.5(B)_330_7101_100_07291_G5-21_1_200912160702,7291,7101,G5-21,VO8X0.5(B),WITH SLIT,330,100,
SN-4b1a307291fb170,TC-VO8X0.5(B)_330_7101_100_07291_G5-21_2_200912160702,7291,7101,G5-21,VO8X0.5(B),WITH SLIT,330,100,
SN-87abb072916aa53,TC-VO8X0.5(B)_660_7101_100_07291_G5-32_1_200912160702,7291,7101,G5-32,VO8X0.5(B),WITH SLIT,660,100,
SN-e59cf0729138a4d,TC-VO8X0.5(B)_660_7101_100_07291_G5-32_2_200912160702,7291,7101,G5-32,VO8X0.5(B),WITH SLIT,660,100,
SN-86f9301LV4d2724,TC-VS70FP_120_7101_100_01LV4_O3-62_1_200912160702,01LV4,7101,O3-62,VS70FP,,120,100,
SN-4de5a01LV4c98f9,TC-VS70FP_120_7101_100_01LV4_O3-62_2_200912160702,01LV4,7101,O3-62,VS70FP,,120,100,
SN-6e626072916c217,TC-VO8X0.5(B)_290_7101_100_07291_Temp. Location_1_200912160708,7291,7101,Temp. Location,VO8X0.5(B),WITH SLIT,290,100,
SN-6405707291f5a61,TC-VO8X0.5(B)_290_7101_100_07291_Temp. Location_2_200912160708,7291,7101,Temp. Location,VO8X0.5(B),WITH SLIT,290,100,
SN-dc08007291064c5,TC-VO8X0.5(B)_480_7101_100_07291_G5-27_1_200912160708,7291,7101,G5-27,VO8X0.5(B),WITH SLIT,480,100,
SN-49ab20729182516,TC-VO8X0.5(B)_480_7101_100_07291_G5-27_2_200912160708,7291,7101,G5-27,VO8X0.5(B),WITH SLIT,480,100,
SN-c970401LUS2d1fd,TC-NCOT13-FALP_315_7101_100_01LUS_I4-13_1_200928180218,01LUS,7101,I4-13,NCOT13-FALP,,315,100,
SN-6721f01LUSa23da,TC-NCOT13-FALP_315_7101_100_01LUS_I4-13_2_200928180218,01LUS,7101,I4-13,NCOT13-FALP,,315,100,
SN-3728a01LUT5b999,TC-NCOT5-FALP_260_7101_100_01LUT_H3-32_1_200928180218,01LUT,7101,H3-32,NCOT5-FALP,,260,100,
SN-99e8101LUT398f5,TC-NCOT5-FALP_260_7101_100_01LUT_H3-32_2_200928180218,01LUT,7101,H3-32,NCOT5-FALP,,260,100,
SN-b40d501LUTdf0a9,TC-NCOT5-FALP_270_7101_100_01LUT_Temp. Location_1_200928180218,01LUT,7101,Temp. Location,NCOT5-FALP,,270,100,
SN-5d81c01LUTc919e,TC-NCOT5-FALP_270_7101_100_01LUT_Temp. Location_2_200928180218,01LUT,7101,Temp. Location,NCOT5-FALP,,270,100,
SN-a8dd601MNP3b25d,TC-NCOT7-FALP_185_7101_100_01MNP_H1-26_1_200928180218,01MNP,7101,H1-26,NCOT7-FALP,,185,100,
SN-32cec01MNP46d1c,TC-NCOT7-FALP_185_7101_100_01MNP_H1-26_2_200928180218,01MNP,7101,H1-26,NCOT7-FALP,,185,100,
SN-640fe07319f1f60,TC-VO10X0.5(B)_110_7101_100_07319_Temp. Location_1_200928180218,7319,7101,G4-28,VO10X0.5(B),WITH SLIT,110,100,
SN-f7bb107319946a7,TC-VO10X0.5(B)_110_7101_100_07319_Temp. Location_2_200928180218,7319,7101,G4-28,VO10X0.5(B),WITH SLIT,110,100,
SN-ec7d4073197d6cd,TC-VO10X0.5(B)_120_7101_100_07319_G4-08_1_200928180218,7319,7101,G4-08,VO10X0.5(B),WITH SLIT,120,100,
SN-44171073194f655,TC-VO10X0.5(B)_120_7101_100_07319_G4-08_2_200928180218,7319,7101,G4-08,VO10X0.5(B),WITH SLIT,120,100,
SN-79f56073191ce1d,TC-VO10X0.5(B)_180_7101_100_07319_Temp. Location_1_200928180218,7319,7101,G3-25,VO10X0.5(B),WITH SLIT,180,100,
SN-1eaa307319af432,TC-VO10X0.5(B)_180_7101_100_07319_Temp. Location_2_200928180218,7319,7101,G3-25,VO10X0.5(B),WITH SLIT,180,100,
SN-fd0d107319655dc,TC-VO10X0.5(B)_190_7101_100_07319_Temp. Location_1_200928180218,7319,7101,G3-26,VO10X0.5(B),WITH SLIT,190,100,
SN-72dda07319c6a70,TC-VO10X0.5(B)_190_7101_100_07319_Temp. Location_2_200928180218,7319,7101,G3-26,VO10X0.5(B),WITH SLIT,190,100,
SN-6b49f0731928ed8,TC-VO10X0.5(B)_210_7101_100_07319_G4-12_1_200928180218,7319,7101,G4-12,VO10X0.5(B),WITH SLIT,210,100,
SN-07e7b07319a5ef8,TC-VO10X0.5(B)_210_7101_100_07319_G4-12_2_200928180218,7319,7101,G4-12,VO10X0.5(B),WITH SLIT,210,100,
SN-cd85107410c14ca,TC-VO12X0.5(B)_180_7101_100_07410_Temp. Location_1_200928180218,7410,7101,G3-24,VO12X0.5(B),WITH SLIT,180,100,
SN-d446d074101c8e3,TC-VO12X0.5(B)_180_7101_100_07410_Temp. Location_2_200928180218,7410,7101,G3-24,VO12X0.5(B),WITH SLIT,180,100,
SN-def490741084a00,TC-VO12X0.5(B)_210_7101_100_07410_G3-12_1_200928180218,7410,7101,G3-12,VO12X0.5(B),WITH SLIT,210,100,
SN-a63b9074102a9bb,TC-VO12X0.5(B)_210_7101_100_07410_G3-12_2_200928180218,7410,7101,G3-12,VO12X0.5(B),WITH SLIT,210,100,
SN-7f52a07410fd5b8,TC-VO12X0.5(B)_340_7101_100_07410_G3-16_1_200928180218,7410,7101,G3-16,VO12X0.5(B),WITH SLIT,340,100,
SN-9f0ee07410aaab1,TC-VO12X0.5(B)_340_7101_100_07410_G3-16_2_200928180218,7410,7101,G3-16,VO12X0.5(B),WITH SLIT,340,100,
SN-78262074524193e,TC-VO14X0.5(B)_125_7101_100_07452_G2-04_1_200928180218,7452,7101,G2-04,VO14X0.5(B),WITH SLIT,125,100,
SN-63f7e074523f989,TC-VO14X0.5(B)_125_7101_100_07452_G2-04_2_200928180218,7452,7101,G2-04,VO14X0.5(B),WITH SLIT,125,100,
SN-e81d007452c77e5,TC-VO14X0.5(B)_230_7101_50_07452_G2-11_1_200928180218,7452,7101,G2-11,VO14X0.5(B),WITH SLIT,230,100,
SN-a47c5074525710d,TC-VO14X0.5(B)_230_7101_50_07452_G2-11_2_200928180218,7452,7101,G2-11,VO14X0.5(B),WITH SLIT,230,100,
SN-094b9074520b33a,TC-VO14X0.5(B)_340_7101_50_07452_Temp. Location_1_200928180218,7452,7101,G2-14,VO14X0.5(B),WITH SLIT,340,50,
SN-29127074520b800,TC-VO14X0.5(B)_340_7101_50_07452_Temp. Location_2_200928180218,7452,7101,G2-14,VO14X0.5(B),WITH SLIT,340,50,
SN-e457807452aed0b,TC-VO14X0.5(B)_400_7101_50_07452_G2-12_1_200928180218,7452,7101,G2-12,VO14X0.5(B),WITH SLIT,400,50,
SN-8108507452eafc6,TC-VO14X0.5(B)_400_7101_50_07452_G2-12_2_200928180218,7452,7101,G2-12,VO14X0.5(B),WITH SLIT,400,50,
SN-b6d0b0747344056,TC-VO16X0.6(B)_250_7101_50_07473_G1-08_1_200928180218,7473,7101,G1-08,VO16X0.6(B),WITH SLIT,250,50,
SN-f0b8d0747324c18,TC-VO16X0.6(B)_250_7101_50_07473_G1-08_2_200928180218,7473,7101,G1-08,VO16X0.6(B),WITH SLIT,250,50,
SN-3294107515b859c,TC-VO20X0.6(B)_295_7101_50_07515_G1-20_1_200928180219,7515,7101,G1-20,VO20X0.6(B),WITH SLIT,295,50,
SN-af8580751541a2a,TC-VO20X0.6(B)_295_7101_50_07515_G1-20_2_200928180219,7515,7101,G1-20,VO20X0.6(B),WITH SLIT,295,50,
SN-5559f07515d6e88,TC-VO20X0.6(B)_365_7101_50_07515_G1-22_1_200928180219,7515,7101,G1-22,VO20X0.6(B),WITH SLIT,365,50,
SN-8c97807515f6066,TC-VO20X0.6(B)_365_7101_50_07515_G1-22_2_200928180219,7515,7101,G1-22,VO20X0.6(B),WITH SLIT,365,50,
SN-2476821429ea2a0,TC-VO22X0.6(B)_330_7101_50_21429_H5-03_1_200928180219,21429,7101,H5-03,VO22X0.6(B),WITH SLIT,330,50,
SN-d108821429409b0,TC-VO22X0.6(B)_330_7101_50_21429_H5-03_2_200928180219,21429,7101,H5-03,VO22X0.6(B),WITH SLIT,330,50,
SN-ef01221429592a6,TC-VO22X0.6(B)_500_7101_50_21429_H5-05_1_200928180219,21429,7101,H5-05,VO22X0.6(B),WITH SLIT,500,50,
SN-8e1f521429aa856,TC-VO22X0.6(B)_500_7101_50_21429_H5-05_2_200928180219,21429,7101,H5-05,VO22X0.6(B),WITH SLIT,500,50,
SN-b001407542de0bb,TC-VO26X1(B)_360_7101_50_07542_H4-15_1_200928180219,7542,7101,H4-15,VO26X1(B),WITH SLIT,360,50,
SN-38bcb075424204a,TC-VO26X1(B)_360_7101_50_07542_H4-15_2_200928180219,7542,7101,H4-15,VO26X1(B),WITH SLIT,360,50,
SN-7e6aa07540d62a6,TC-VO28X1(B)_330_7101_50_07540_H4-09_1_200928180219,7540,7101,H4-09,VO28X1(B),WITH SLIT,330,50,
SN-f491307540b11bf,TC-VO28X1(B)_330_7101_50_07540_H4-09_2_200928180219,7540,7101,H4-09,VO28X1(B),WITH SLIT,330,50,
SN-b43f2071615ec7c,TC-VO6X0.5(B)_50_7101_100_07161_Temp. Location_1_200928180219,7161,7101,Temp. Location,VO6X0.5(B),WITH SLIT,50,100,
SN-570ee07161395bc,TC-VO6X0.5(B)_50_7101_100_07161_Temp. Location_2_200928180219,7161,7101,Temp. Location,VO6X0.5(B),WITH SLIT,50,100,
SN-c61c3071611c46c,TC-VO6X0.5(B)_145_7101_100_07161_G6-15_1_200928180219,7161,7101,G6-15,VO6X0.5(B),WITH SLIT,145,100,
SN-507e9071619cf8f,TC-VO6X0.5(B)_145_7101_100_07161_G6-15_2_200928180219,7161,7101,G6-15,VO6X0.5(B),WITH SLIT,145,100,
SN-d168707161eab84,TC-VO6X0.5(B)_190_7101_100_07161_Temp. Location_1_200928180219,7161,7101,G4-32,VO6X0.5(B),WITH SLIT,190,100,
SN-d9d590716161e31,TC-VO6X0.5(B)_190_7101_100_07161_Temp. Location_2_200928180219,7161,7101,G4-32,VO6X0.5(B),WITH SLIT,190,100,
SN-5ea6c07161c42fa,TC-VO6X0.5(B)_255_7101_100_07161_G6-26_1_200928180219,7161,7101,G6-26,VO6X0.5(B),WITH SLIT,255,100,
SN-4e03307161a33f0,TC-VO6X0.5(B)_255_7101_100_07161_G6-26_2_200928180219,7161,7101,G6-26,VO6X0.5(B),WITH SLIT,255,100,
SN-c7e1e07161261d7,TC-VO6X0.5(B)_290_7101_100_07161_Temp. Location_1_200928180219,7161,7101,G4-34,VO6X0.5(B),WITH SLIT,290,100,
SN-b57590716190d63,TC-VO6X0.5(B)_290_7101_100_07161_Temp. Location_2_200928180219,7161,7101,G4-34,VO6X0.5(B),WITH SLIT,290,100,
SN-18399071612e6de,TC-VO6X0.5(B)_295_7101_100_07161_Temp. Location_1_200928180219,7161,7101,Temp. Location,VO6X0.5(B),WITH SLIT,295,100,
SN-64f2d07161fa5ee,TC-VO6X0.5(B)_295_7101_100_07161_Temp. Location_2_200928180219,7161,7101,Temp. Location,VO6X0.5(B),WITH SLIT,295,100,
SN-c010c07161c8098,TC-VO6X0.5(B)_390_7101_100_07161_G6-31_1_200928180219,7161,7101,G6-31,VO6X0.5(B),WITH SLIT,390,100,
SN-05fde0716179f52,TC-VO6X0.5(B)_390_7101_100_07161_G6-31_2_200928180219,7161,7101,G6-31,VO6X0.5(B),WITH SLIT,390,100,
SN-2e01707161a40b4,TC-VO6X0.5(B)_860_7101_100_07161_G6-37_1_200928180219,7161,7101,G6-37,VO6X0.5(B),WITH SLIT,860,100,
SN-09725071617bc2f,TC-VO6X0.5(B)_860_7101_100_07161_G6-37_2_200928180219,7161,7101,G6-37,VO6X0.5(B),WITH SLIT,860,100,
SN-7f3260716145bda,TC-VO6X0.5(B)_105_7101_100_07161_G6-40_1_200928180219,7161,7101,G6-40,VO6X0.5(B),,105,100,
SN-5752c07161cec77,TC-VO6X0.5(B)_105_7101_100_07161_G6-40_2_200928180220,7161,7101,G6-40,VO6X0.5(B),,105,100,
SN-449da072915a842,TC-VO8X0.5(B)_90_7101_100_07291_Temp. Location_1_200928180220,7291,7101,G5-49,VO8X0.5(B),WITH SLIT,90,100,
SN-955c807291045dd,TC-VO8X0.5(B)_90_7101_100_07291_Temp. Location_2_200928180220,7291,7101,G5-49,VO8X0.5(B),WITH SLIT,90,100,
SN-6113b07291e66c7,TC-VO8X0.5(B)_180_7101_100_07291_Temp. Location_1_200928180220,7291,7101,G5-47,VO8X0.5(B),WITH SLIT,180,100,
SN-362aa072914301f,TC-VO8X0.5(B)_180_7101_100_07291_Temp. Location_2_200928180220,7291,7101,G5-47,VO8X0.5(B),WITH SLIT,180,100,
SN-8811b07291e98f9,TC-VO8X0.5(B)_190_7101_100_07291_Temp. Location_1_200928180220,7291,7101,G5-48,VO8X0.5(B),WITH SLIT,190,100,
SN-99acf07291e1c50,TC-VO8X0.5(B)_190_7101_100_07291_Temp. Location_2_200928180220,7291,7101,G5-48,VO8X0.5(B),WITH SLIT,190,100,
SN-738cc072913e359,TC-VO8X0.5(B)_290_7101_100_07291_Temp. Location_1_200928180220,7291,7101,Temp. Location,VO8X0.5(B),WITH SLIT,290,100,
SN-5b7e90729188665,TC-VO8X0.5(B)_290_7101_100_07291_Temp. Location_2_200928180220,7291,7101,Temp. Location,VO8X0.5(B),WITH SLIT,290,100,
SN-bdce3072916257d,TC-VO8X0.5(B)_295_7101_100_07291_G5-19_1_200928180220,7291,7101,G5-19,VO8X0.5(B),WITH SLIT,295,100,
SN-a0318072911c099,TC-VO8X0.5(B)_295_7101_100_07291_G5-19_2_200928180220,7291,7101,G5-19,VO8X0.5(B),WITH SLIT,295,100,
SN-22fe60729146037,TC-VO8X0.5(B)_330_7101_100_07291_G5-21_1_200928180220,7291,7101,G5-21,VO8X0.5(B),WITH SLIT,330,100,
SN-1cb4507291e6ceb,TC-VO8X0.5(B)_330_7101_100_07291_G5-21_2_200928180220,7291,7101,G5-21,VO8X0.5(B),WITH SLIT,330,100,
SN-29922072911142e,TC-VO8X0.5(B)_355_7101_100_07291_Temp. Location_1_200928180220,7291,7101,Temp. Location,VO8X0.5(B),WITH SLIT,355,100,
SN-defa007291a4d26,TC-VO8X0.5(B)_355_7101_100_07291_Temp. Location_2_200928180220,7291,7101,Temp. Location,VO8X0.5(B),WITH SLIT,355,100,
SN-f237c072914d8b5,TC-VO8X0.5(B)_660_7101_100_07291_G5-32_1_200928180220,7291,7101,G5-32,VO8X0.5(B),WITH SLIT,660,100,
SN-9f95607291a0c9e,TC-VO8X0.5(B)_660_7101_100_07291_G5-32_2_200928180220,7291,7101,G5-32,VO8X0.5(B),WITH SLIT,660,100,
SN-80ae801LV431170,TC-VS70FP_120_7101_100_01LV4_O3-62_1_200928180220,01LV4,7101,O3-62,VS70FP,,120,100,
SN-d4a4c01LV4f125c,TC-VS70FP_120_7101_100_01LV4_O3-62_2_200928180220,01LV4,7101,O3-62,VS70FP,,120,100,
